,metric_TLuseoutofclass,metric_Gender,metric_postsojournOPI,metric_presojournOPI,metric_level gained,metric_FLcumulativecompetence,metric_general_cumulativecompet,context_learningoutofclassminday,psycho_motivationdegree,psycho_proficiencyingroup_BAL1,interact_classmates,interaction_groupintegration,improv_reading,improv_writing,improv_overall,improv_pron,improv_listening,improv_voc,improv_cult,improv_gmr,in_degree_weighted,in_degree,out_degree_weighted,out_degree,degree_weighted,degree,betweenness_weighted,betweenness,closeness,pagerank_weighhted,pagerank,voterank,clustering_coefficient
3,1.0,male,0.5454545454545454,0.45454545454545453,0.09090909090909091,6.0,12.0,0.08333333333333333,0.8,0.6666666666666666,0.75,0.8,0.8,0.8,0.8,0.8,0.8,0.8,0.8,0.8,0.0,0,0.4,1,0.4,1,0.0,0.0,0.0,0.1324501434291567,0.1324501434291567,0.0,0
25,0.7692307692307693,male,0.7272727272727273,0.5454545454545454,0.18181818181818182,8.0,14.0,0.020833333333333332,1.0,0.3333333333333333,0.25,0.8,0.6,0.4,0.8,1.0,1.0,0.6,1.0,0.4,0.4,1,0.0,0,0.4,1,0.0,0.0,0.25,0.24503323771389554,0.24503323771389554,,0
26,0.875,female,0.7272727272727273,0.5454545454545454,0.18181818181818182,12.0,18.0,0.08333333333333333,0.4,0.6666666666666666,0.75,0.8,0.6,0.4,0.6,0.4,0.6,0.6,0.8,0.0,0.0,0,1.0,1,1.0,1,0.0,0.0,0.0,0.1324501434291567,0.1324501434291567,1.0,0
27,0.42857142857142855,male,0.5454545454545454,0.45454545454545453,0.09090909090909091,6.0,12.0,0.06944444444444445,1.0,0.3333333333333333,0.18,0.8,1.0,0.8,0.8,1.0,1.0,1.0,1.0,0.8,0.0,0,0.2,1,0.2,1,0.0,0.0,0.0,0.1324501434291567,0.1324501434291567,,0
